--
-- Script was generated by Devart dbForge Studio for MySQL, Version 10.0.150.0
-- Product home page: http://www.devart.com/dbforge/mysql/studio
-- Script date 21/6/2024 12:20:07
-- Server version: 8.3.0
--

SET NAMES 'utf8mb4';

INSERT INTO static_db.conditional_period(id, standard, time, minwall, maxwall, createdAt, updatedtAt) VALUES
(1, 1, '1 h ± 5 min', 0, 3, '2023-12-04 21:48:36', '2024-03-26 00:23:39');
INSERT INTO static_db.conditional_period(id, standard, time, minwall, maxwall, createdAt, updatedtAt) VALUES
(2, 1, '3 h ± 15 min', 3, 8, '2023-12-04 21:49:27', '2024-03-26 00:23:59');
INSERT INTO static_db.conditional_period(id, standard, time, minwall, maxwall, createdAt, updatedtAt) VALUES
(3, 1, '6 h ± 30 min', 8, 16, '2023-12-04 21:56:39', '2024-03-26 00:24:09');
INSERT INTO static_db.conditional_period(id, standard, time, minwall, maxwall, createdAt, updatedtAt) VALUES
(4, 1, '10 h ± 1 h', 16, 32, '2023-12-04 21:56:39', '2024-03-26 00:24:18');
INSERT INTO static_db.conditional_period(id, standard, time, minwall, maxwall, createdAt, updatedtAt) VALUES
(5, 1, '16 h ± 1 h', 32, 9999999, '2023-12-04 21:56:39', '2024-03-26 00:24:31');

INSERT INTO static_db.endcap(id, standard, name, createdAt, updatedAt) VALUES
(1, 1, 'Tipo A', '2024-03-31 23:07:41', '2024-03-31 23:07:41');
INSERT INTO static_db.endcap(id, standard, name, createdAt, updatedAt) VALUES
(2, 1, 'Tipo B', '2024-03-31 23:07:51', '2024-03-31 23:07:51');

INSERT INTO static_db.enviroment(id, standard, inside, outside, createdAt, updatedAt) VALUES
(1, 1, 'Agua', 'Agua', '2024-03-27 02:20:46', '2024-03-27 02:20:46');
INSERT INTO static_db.enviroment(id, standard, inside, outside, createdAt, updatedAt) VALUES
(3, 1, 'Agua', 'Aire', '2024-03-27 02:21:31', '2024-03-27 02:21:31');
INSERT INTO static_db.enviroment(id, standard, inside, outside, createdAt, updatedAt) VALUES
(7, 2, 'Agua', 'Agua', '2024-06-07 03:08:05', '2024-06-07 03:08:05');

INSERT INTO static_db.material(id, name, description, createdAt, updatedAt) VALUES
(1, 'PE', 'Plastico Engomado', '2023-12-15 12:45:36', '2024-06-07 03:07:05');
INSERT INTO static_db.material(id, name, description, createdAt, updatedAt) VALUES
(2, 'PBC', 'Plastico BC', '2023-12-20 12:57:44', '2024-05-30 20:01:50');

INSERT INTO static_db.material_has_standard(id, material, standard, type, createdAt, updatedAt) VALUES
(1, 1, 1, 'Plástico', '2024-03-26 11:24:58', '2024-03-26 11:24:58');
INSERT INTO static_db.material_has_standard(id, material, standard, type, createdAt, updatedAt) VALUES
(2, 2, 2, 'Plástiico', '2024-03-26 11:26:25', '2024-03-26 11:26:25');

INSERT INTO static_db.operator(id, dni, name, familyname, createdAt, updatedAt) VALUES
(1, 45672314, 'Camila', 'Matvichenko', '2024-03-27 02:09:41.1974', '2024-05-25 03:15:20.7227');
INSERT INTO static_db.operator(id, dni, name, familyname, createdAt, updatedAt) VALUES
(3, 45693035, 'Dinko Ivan', 'Salak', '2024-03-27 02:09:26.1003', '2024-06-07 11:34:31.7189');
INSERT INTO static_db.operator(id, dni, name, familyname, createdAt, updatedAt) VALUES
(4, 40116590, 'Noelia Agustina', 'Di Mario', '2024-05-29 15:14:53.1109', '2024-05-29 15:30:56.7361');
INSERT INTO static_db.operator(id, dni, name, familyname, createdAt, updatedAt) VALUES
(5, 56400346, 'Felipe', 'Daffunchio', '2024-05-29 20:27:42.1353', '2024-05-29 20:27:42.1353');
INSERT INTO static_db.operator(id, dni, name, familyname, createdAt, updatedAt) VALUES
(6, 39068857, 'Ezequiel Augusto', 'Stanganelli', '2024-05-30 21:15:13.0273', '2024-05-30 21:15:13.0273');
INSERT INTO static_db.operator(id, dni, name, familyname, createdAt, updatedAt) VALUES
(9, 39787234, 'Esteban', 'Baudaux', '2024-05-30 22:43:04.116', '2024-05-30 23:03:47.6609');
INSERT INTO static_db.operator(id, dni, name, familyname, createdAt, updatedAt) VALUES
(13, 37762345, 'Francisco Luis', 'Campo', '2024-06-03 19:37:24.8722', '2024-06-03 19:37:24.8722');

INSERT INTO static_db.specification(id, material, name, description, createdAt, updatedAt) VALUES
(1, 1, 'PE100', 'Material de PE', '2023-12-15 12:46:03', '2024-05-30 18:57:27');
INSERT INTO static_db.specification(id, material, name, description, createdAt, updatedAt) VALUES
(2, 1, 'PE50', 'Material de PE', '2023-12-18 20:06:57', '2024-05-30 18:57:32');
INSERT INTO static_db.specification(id, material, name, description, createdAt, updatedAt) VALUES
(3, 2, 'PBC200', 'Material de PBC', '2023-12-20 13:03:02', '2024-05-31 12:16:43');

INSERT INTO static_db.specification_configuration(id, specification, time, timeType, temperature, createdAt, updatedAt) VALUES
(1, 1, 1000, 'h', 20, '2024-01-08 00:00:00', '2024-06-03 15:47:59');
INSERT INTO static_db.specification_configuration(id, specification, time, timeType, temperature, createdAt, updatedAt) VALUES
(2, 2, 10, 'h', 150, '2024-01-08 00:00:00', '2024-06-03 15:48:00');
INSERT INTO static_db.specification_configuration(id, specification, time, timeType, temperature, createdAt, updatedAt) VALUES
(3, 2, 30, 'h', 50, '2024-01-08 00:00:00', '2024-06-03 15:48:01');
INSERT INTO static_db.specification_configuration(id, specification, time, timeType, temperature, createdAt, updatedAt) VALUES
(4, 3, 60, 'h', 50, '2024-01-08 00:00:00', '2024-06-03 15:48:02');
INSERT INTO static_db.specification_configuration(id, specification, time, timeType, temperature, createdAt, updatedAt) VALUES
(5, 1, 100, 'h', 90, '2024-01-08 23:13:53', '2024-06-03 15:48:02');

INSERT INTO static_db.standard(id, name, createdAt, updatedAt) VALUES
(1, 'ISO-1167-1996', '2023-12-18 21:16:48', '2024-03-26 02:29:26');
INSERT INTO static_db.standard(id, name, createdAt, updatedAt) VALUES
(2, 'IRAM-4567', '2023-12-04 21:48:00', '2024-03-26 02:29:22');

INSERT INTO static_db.test_type(id, standard, testType, createdAt, updatedAt) VALUES
(1, 1, 'Prueba de Resistencia con Presión Constante', '2024-03-27 02:22:38', '2024-04-01 11:10:46');